<?xml version="1.0"?>
<Runs Version="1" Minor="0">
	<Run Id="synth_3" LaunchDir="D:/Code/CU/HW_Syn_Lab/Lab04/Lab04.runs/synth_3" FlowId="Vivado_Synthesis" FromStepId="vivado" ToStepId="vivado"/>
	<Run Id="impl_3" LaunchDir="D:/Code/CU/HW_Syn_Lab/Lab04/Lab04.runs/impl_3" FlowId="Vivado_Implementation" FromStepId="init_design" ToStepId="write_bitstream">
		<Parent Id="synth_3"/>
	</Run>
	<Parameters>
		<Parameter Name="runs.monitorLSFJobs" Val="true" Type="bool"/>
		<Parameter Name="runs.enableClusterConf" Val="true" Type="bool"/>
	</Parameters>
</Runs>

