<?xml version="1.0" encoding="UTF-8"?>
<GenRun Id="impl_1" LaunchPart="xc7a35tcpg236-1" LaunchTime="1693892339">
  <File Type="ROUTE-PWR" Name="SevenSegmentTDM_power_routed.rpt"/>
  <File Type="PA-TCL" Name="SevenSegmentTDM.tcl"/>
  <File Type="ROUTE-PWR-SUM" Name="SevenSegmentTDM_power_summary_routed.pb"/>
  <File Type="REPORTS-TCL" Name="SevenSegmentTDM_reports.tcl"/>
  <File Type="OPT-RQA-PB" Name="SevenSegmentTDM_rqa_opted.pb"/>
  <File Type="BITSTR-MMI" Name="SevenSegmentTDM.mmi"/>
  <File Type="OPT-METHODOLOGY-DRC" Name="SevenSegmentTDM_methodology_drc_opted.rpt"/>
  <File Type="INIT-TIMING" Name="SevenSegmentTDM_timing_summary_init.rpt"/>
  <File Type="OPT-TIMING" Name="SevenSegmentTDM_timing_summary_opted.rpt"/>
  <File Type="OPT-DCP" Name="SevenSegmentTDM_opt.dcp"/>
  <File Type="OPT-DRC" Name="SevenSegmentTDM_drc_opted.rpt"/>
  <File Type="OPT-HWDEF" Name="SevenSegmentTDM.hwdef"/>
  <File Type="PWROPT-DCP" Name="SevenSegmentTDM_pwropt.dcp"/>
  <File Type="PWROPT-DRC" Name="SevenSegmentTDM_drc_pwropted.rpt"/>
  <File Type="PWROPT-TIMING" Name="SevenSegmentTDM_timing_summary_pwropted.rpt"/>
  <File Type="PLACE-DCP" Name="SevenSegmentTDM_placed.dcp"/>
  <File Type="PLACE-IO" Name="SevenSegmentTDM_io_placed.rpt"/>
  <File Type="PLACE-CLK" Name="SevenSegmentTDM_clock_utilization_placed.rpt"/>
  <File Type="PLACE-UTIL" Name="SevenSegmentTDM_utilization_placed.rpt"/>
  <File Type="PLACE-UTIL-PB" Name="SevenSegmentTDM_utilization_placed.pb"/>
  <File Type="PLACE-CTRL" Name="SevenSegmentTDM_control_sets_placed.rpt"/>
  <File Type="PLACE-SIMILARITY" Name="SevenSegmentTDM_incremental_reuse_placed.rpt"/>
  <File Type="PLACE-PRE-SIMILARITY" Name="SevenSegmentTDM_incremental_reuse_pre_placed.rpt"/>
  <File Type="BG-BIN" Name="SevenSegmentTDM.bin"/>
  <File Type="PLACE-TIMING" Name="SevenSegmentTDM_timing_summary_placed.rpt"/>
  <File Type="ROUTE-PWR-RPX" Name="SevenSegmentTDM_power_routed.rpx"/>
  <File Type="PLACE-RQA-PB" Name="SevenSegmentTDM_rqa_placed.pb"/>
  <File Type="POSTPLACE-PWROPT-DCP" Name="SevenSegmentTDM_postplace_pwropt.dcp"/>
  <File Type="BITSTR-MSK" Name="SevenSegmentTDM.msk"/>
  <File Type="POSTPLACE-PWROPT-TIMING" Name="SevenSegmentTDM_timing_summary_postplace_pwropted.rpt"/>
  <File Type="PHYSOPT-DCP" Name="SevenSegmentTDM_physopt.dcp"/>
  <File Type="PHYSOPT-DRC" Name="SevenSegmentTDM_drc_physopted.rpt"/>
  <File Type="BITSTR-RBT" Name="SevenSegmentTDM.rbt"/>
  <File Type="PHYSOPT-TIMING" Name="SevenSegmentTDM_timing_summary_physopted.rpt"/>
  <File Type="ROUTE-ERROR-DCP" Name="SevenSegmentTDM_routed_error.dcp"/>
  <File Type="ROUTE-DCP" Name="SevenSegmentTDM_routed.dcp"/>
  <File Type="ROUTE-BLACKBOX-DCP" Name="SevenSegmentTDM_routed_bb.dcp"/>
  <File Type="ROUTE-DRC" Name="SevenSegmentTDM_drc_routed.rpt"/>
  <File Type="ROUTE-DRC-PB" Name="SevenSegmentTDM_drc_routed.pb"/>
  <File Type="ROUTE-DRC-RPX" Name="SevenSegmentTDM_drc_routed.rpx"/>
  <File Type="ROUTE-METHODOLOGY-DRC" Name="SevenSegmentTDM_methodology_drc_routed.rpt"/>
  <File Type="ROUTE-METHODOLOGY-DRC-RPX" Name="SevenSegmentTDM_methodology_drc_routed.rpx"/>
  <File Type="ROUTE-METHODOLOGY-DRC-PB" Name="SevenSegmentTDM_methodology_drc_routed.pb"/>
  <File Type="ROUTE-RQS-PB" Name="SevenSegmentTDM_rqs_routed.pb"/>
  <File Type="ROUTE-STATUS" Name="SevenSegmentTDM_route_status.rpt"/>
  <File Type="ROUTE-STATUS-PB" Name="SevenSegmentTDM_route_status.pb"/>
  <File Type="ROUTE-TIMINGSUMMARY" Name="SevenSegmentTDM_timing_summary_routed.rpt"/>
  <File Type="ROUTE-TIMING-PB" Name="SevenSegmentTDM_timing_summary_routed.pb"/>
  <File Type="ROUTE-TIMING-RPX" Name="SevenSegmentTDM_timing_summary_routed.rpx"/>
  <File Type="ROUTE-SIMILARITY" Name="SevenSegmentTDM_incremental_reuse_routed.rpt"/>
  <File Type="ROUTE-CLK" Name="SevenSegmentTDM_clock_utilization_routed.rpt"/>
  <File Type="ROUTE-BUS-SKEW" Name="SevenSegmentTDM_bus_skew_routed.rpt"/>
  <File Type="ROUTE-BUS-SKEW-PB" Name="SevenSegmentTDM_bus_skew_routed.pb"/>
  <File Type="ROUTE-BUS-SKEW-RPX" Name="SevenSegmentTDM_bus_skew_routed.rpx"/>
  <File Type="POSTROUTE-PHYSOPT-DCP" Name="SevenSegmentTDM_postroute_physopt.dcp"/>
  <File Type="POSTROUTE-PHYSOPT-BLACKBOX-DCP" Name="SevenSegmentTDM_postroute_physopt_bb.dcp"/>
  <File Type="POSTROUTE-PHYSOPT-TIMING" Name="SevenSegmentTDM_timing_summary_postroute_physopted.rpt"/>
  <File Type="POSTROUTE-PHYSOPT-TIMING-PB" Name="SevenSegmentTDM_timing_summary_postroute_physopted.pb"/>
  <File Type="POSTROUTE-PHYSOPT-TIMING-RPX" Name="SevenSegmentTDM_timing_summary_postroute_physopted.rpx"/>
  <File Type="POSTROUTE-PHYSOPT-BUS-SKEW" Name="SevenSegmentTDM_bus_skew_postroute_physopted.rpt"/>
  <File Type="BG-BIT" Name="SevenSegmentTDM.bit"/>
  <File Type="POSTROUTE-PHYSOPT-BUS-SKEW-PB" Name="SevenSegmentTDM_bus_skew_postroute_physopted.pb"/>
  <File Type="POSTROUTE-PHYSOPT-BUS-SKEW-RPX" Name="SevenSegmentTDM_bus_skew_postroute_physopted.rpx"/>
  <File Type="BITSTR-NKY" Name="SevenSegmentTDM.nky"/>
  <File Type="BITSTR-BMM" Name="SevenSegmentTDM_bd.bmm"/>
  <File Type="PDI-FILE" Name="SevenSegmentTDM.pdi"/>
  <File Type="BOOT-PDI-FILE" Name="SevenSegmentTDM_soc.pdi"/>
  <File Type="PL-PDI-FILE" Name="SevenSegmentTDM_pld.pdi"/>
  <File Type="RCFI_FILE" Name="SevenSegmentTDM.rcfi"/>
  <File Type="CFI_FILE" Name="SevenSegmentTDM.cfi"/>
  <File Type="RNPI_FILE" Name="SevenSegmentTDM.rnpi"/>
  <File Type="NPI_FILE" Name="SevenSegmentTDM.npi"/>
  <File Type="RBD_FILE" Name="SevenSegmentTDM.rbd"/>
  <File Type="BITSTR-LTX" Name="debug_nets.ltx"/>
  <File Type="BITSTR-LTX" Name="SevenSegmentTDM.ltx"/>
  <File Type="BITSTR-SYSDEF" Name="SevenSegmentTDM.sysdef"/>
  <File Type="BG-BGN" Name="SevenSegmentTDM.bgn"/>
  <File Type="BG-DRC" Name="SevenSegmentTDM.drc"/>
  <File Type="RDI-RDI" Name="SevenSegmentTDM.vdi"/>
  <File Type="WBT-USG" Name="usage_statistics_webtalk.html"/>
  <File Type="ROUTE-RQS" Name="SevenSegmentTDM_routed.rqs"/>
  <File Type="POSTROUTE-PHYSOPT-RQS" Name="SevenSegmentTDM_postroute_physopted.rqs"/>
  <File Type="ROUTE-RQS-RPT" Name="route_report_qor_suggestions_0.rpt"/>
  <File Type="POSTROUTE-PHYSOPT-RQS-RPT" Name="postroute_physopt_report_qor_suggestions_0.rpt"/>
  <FileSet Name="sources" Type="DesignSrcs" RelSrcDir="$PSRCDIR/sources_1" RelGenDir="$PGENDIR/sources_1">
    <Filter Type="Srcs"/>
    <File Path="$PSRCDIR/sources_1/new/ClockDivider.v">
      <FileInfo>
        <Attr Name="UsedIn" Val="synthesis"/>
        <Attr Name="UsedIn" Val="implementation"/>
        <Attr Name="UsedIn" Val="simulation"/>
      </FileInfo>
    </File>
    <File Path="$PSRCDIR/sources_1/new/HEXtoSevenSegmentEncoder.v">
      <FileInfo>
        <Attr Name="UsedIn" Val="synthesis"/>
        <Attr Name="UsedIn" Val="implementation"/>
        <Attr Name="UsedIn" Val="simulation"/>
      </FileInfo>
    </File>
    <File Path="$PSRCDIR/sources_1/new/SevenSegmentTDM.v">
      <FileInfo>
        <Attr Name="UsedIn" Val="synthesis"/>
        <Attr Name="UsedIn" Val="implementation"/>
        <Attr Name="UsedIn" Val="simulation"/>
      </FileInfo>
    </File>
    <Config>
      <Option Name="DesignMode" Val="RTL"/>
      <Option Name="TopModule" Val="SevenSegmentTDM"/>
      <Option Name="TopAutoSet" Val="TRUE"/>
    </Config>
  </FileSet>
  <FileSet Name="constrs_in" Type="Constrs" RelSrcDir="$PSRCDIR/constrs_1" RelGenDir="$PGENDIR/constrs_1">
    <Filter Type="Constrs"/>
    <File Path="$PSRCDIR/constrs_1/new/constraints.xdc">
      <FileInfo>
        <Attr Name="UsedIn" Val="synthesis"/>
        <Attr Name="UsedIn" Val="implementation"/>
      </FileInfo>
    </File>
    <Config>
      <Option Name="TargetConstrsFile" Val="$PSRCDIR/constrs_1/new/constraints.xdc"/>
      <Option Name="ConstrsType" Val="XDC"/>
    </Config>
  </FileSet>
  <FileSet Name="utils" Type="Utils" RelSrcDir="$PSRCDIR/utils_1" RelGenDir="$PGENDIR/utils_1">
    <Filter Type="Utils"/>
    <File Path="$PSRCDIR/utils_1/imports/synth_1/SevenSegmentTDM.dcp">
      <FileInfo>
        <Attr Name="UsedIn" Val="synthesis"/>
        <Attr Name="UsedIn" Val="implementation"/>
        <Attr Name="UsedInSteps" Val="synth_1"/>
        <Attr Name="AutoDcp" Val="1"/>
      </FileInfo>
    </File>
    <Config>
      <Option Name="TopAutoSet" Val="TRUE"/>
    </Config>
  </FileSet>
  <Strategy Version="1" Minor="2">
    <StratHandle Name="Vivado Implementation Defaults" Flow="Vivado Implementation 2023"/>
    <Step Id="init_design"/>
    <Step Id="opt_design"/>
    <Step Id="power_opt_design"/>
    <Step Id="place_design"/>
    <Step Id="post_place_power_opt_design"/>
    <Step Id="phys_opt_design"/>
    <Step Id="route_design"/>
    <Step Id="post_route_phys_opt_design"/>
    <Step Id="write_bitstream"/>
  </Strategy>
</GenRun>
